Phase,Start_Volume,End_Volume,Months,Growth_Rate_%,Total_Growth_%
Early Adoption (2016-2019),0.09,1308.4,42,25.633973551682953,1453677.777777778
COVID Acceleration (2020-2021),1305.02,4566.3,24,5.3572605347726565,249.90268348377805
Maturation (2022-2025),4617.15,20466.98,47,3.2188804594647014,343.2816780914634
